﻿<?xml version="1.0" ?>
<networkAnalysisRequest
   xmlns="http://xmlns.oracle.com/spatial/network"
   xmlns:xsi="http://www.w3.org/2001/XMLSchema-instance">
  <networkName>NAVTEQ_SF</networkName>
  <tsp>
    <tspPoint>
      <nodeID>199520844</nodeID>
    </tspPoint>
    <tspPoint>
      <nodeID>199652792</nodeID>
    </tspPoint>
    <tspPoint>
      <nodeID>199386673</nodeID>
    </tspPoint>
    <tourFlag>CLOSED</tourFlag>
    <tspPathRequestParameter>
      <cost> true </cost>
      <tspOrder> true </tspOrder>
      <subPathRequestParameter>
        <cost> true </cost>
        <isFullPath> true </isFullPath>
        <startLinkIndex> true </startLinkIndex>
        <startPercentage> true </startPercentage>
        <endLinkIndex> true </endLinkIndex>
        <endPercentage> true </endPercentage>
        <geometry>true</geometry>
        <pathRequestParameter>
          <cost> true </cost>
          <isSimple> true </isSimple>
          <startNodeID>true</startNodeID>
          <endNodeID>true</endNodeID>
          <noOfLinks>true</noOfLinks>
          <geometry>true</geometry>
          <linksRequestParameter>
	          <linkRequestParameter>
	            <id>true</id>
	            <cost>true</cost>
	            <isActive>true</isActive>
	            <isBidirected>true</isBidirected>
	            <startNodeID>true</startNodeID>
	            <endNodeID>true</endNodeID>
	            <linkLevel>true</linkLevel>
	            <geometry>true</geometry>
	          </linkRequestParameter>
          </linksRequestParameter>
          <nodesRequestParameter>
	          <nodeRequestParameter>
	            <id>true</id>
	            <cost>true</cost>
	            <isActive>true</isActive>
	            <geometry>true</geometry>
	          </nodeRequestParameter>
          </nodesRequestParameter>
        </pathRequestParameter>
      </subPathRequestParameter>
    </tspPathRequestParameter>
  </tsp>
</networkAnalysisRequest>
